start,image,end,size,far,insns,ncalls,ncallers,ints,sets_ds,strings
0000:0000,00000,0000:07e3,2019,0,703,40,1,,0,"COMPASS.LZ | A:FOOFOOFO.FOO | WATER.LZ | WATEREGA.LZ | CHASE.LZ | BROKE.LZ | BROKEGA.LZ"
0000:07e4,007e4,0000:081b,55,1,17,7,2,,0,""
0000:081c,0081c,0000:0874,88,1,38,4,0,,0,""
0000:0874,00874,0000:0929,181,1,72,8,8,,0,"Unknown failure mode! | Not enough RAM, 556K (VGA & Tandy) or 526K (EGA) | free RAM needed for TEST DRIVE III. | Importa"
0000:092a,0092a,0000:0ce5,955,1,350,19,1,,0,"TD3.CFG | TEST DRIVE III supports the following graphics modes: | 1       VGA/MCGA (320 x 200), 256 colors | 2       EGA"
0000:0ce6,00ce6,0000:0d0d,39,1,17,1,1,,0,""
0000:0d0e,00d0e,0000:0d35,39,1,17,1,1,,0,""
0000:0d36,00d36,0000:0d62,44,1,20,1,1,,0,""
0000:0d62,00d62,0000:0df5,147,1,54,7,9,,0,""
0000:0df6,00df6,0000:0e73,125,1,48,6,1,,0,""
0000:0e74,00e74,0000:0edf,107,1,40,6,3,,0,""
0000:0ee0,00ee0,0000:0f57,119,1,43,6,15,,0,""
0000:0f58,00f58,0000:0f80,40,1,14,1,6,,0,""
0000:0f80,00f80,0000:11d1,593,1,219,6,10,,0,""
0000:11d2,011d2,0000:1441,623,1,225,3,1,,0,""
0000:1442,01442,0000:1518,214,1,54,2,2,,0,""
0000:1518,01518,0000:1519,1,1,1,0,1,,0,""
0000:151a,0151a,0000:151b,1,1,1,0,1,,0,""
0000:151c,0151c,0000:16d0,436,1,173,5,4,,0,"datax.dat | A:CCERV.LST    | A:dataX.dat    | .DAT | A:SCENETT.LST  | .DAT | Insert the BOOT DISK | Insert the PROGRAM D"
0000:16d0,016d0,0000:1719,73,1,30,1,1,,0,""
0000:171a,0171a,0000:175f,69,1,28,1,1,,0,""
0000:1760,01760,0000:179b,59,1,25,2,1,,0,""
0000:179c,0179c,0000:1e43,1703,1,564,17,22,,0,""
0000:1e44,01e44,0000:1ea3,95,1,34,2,3,,0,""
0000:1ea4,01ea4,0000:1f3f,155,1,52,0,2,,0,""
01f4:000e,01f4e,01f4:003d,47,1,19,0,1,,0,""
01f4:003e,01f7e,01f4:0070,50,1,20,0,1,,0,""
01f4:0070,01fb0,01f4:0a95,2597,1,1007,25,1,,0,"ACCOCOLR.BIN | A:FOOFOOFO.FOO | ACCO.LZ | TITLCOLR.BIN | TITLE2.LZ | TITLE1.LZ | TITL2COL.BIN | TITLEANI.LZ | TITLELET.L"
01f4:0a96,029d6,01f4:0f4d,1207,1,436,21,1,,0,"SC.BIN | A:CCERV.LST    | .BIC | .ICN | TJL            "
01f4:0f4e,02e8e,01f4:12d4,902,1,345,20,1,,0,"TOPCOLR.BIN | A:FOOFOOFO.FOO | TOPSCORC.LZ | TOPSCORB.LZ | TOPSCORA.LZ | COMPASS.LZ | A:CCERV.LST    | .LST"
01f4:12d4,03214,01f4:144b,375,1,153,3,1,,0,""
01f4:144c,0338c,01f4:1863,1047,1,374,26,1,,0,"SELCOLR.BIN | A:FOOFOOFO.FOO | SIC.BIN | A:CCERV.LST    | OTWCOL.BIN | .SIC | .SIC | A:SCENETT.LST "
01f4:1864,037a4,01f4:18af,75,1,24,2,7,,0,""
01f4:18b0,037f0,01f4:19f4,324,1,132,4,1,,0,""
01f4:19f4,03934,01f4:1a81,141,1,53,6,1,,0,""
01f4:1a82,039c2,01f4:1ad5,83,1,34,2,8,,0,""
01f4:1ad6,03a16,01f4:1b09,51,1,22,1,8,,0,""
01f4:1b0a,03a4a,01f4:1b57,77,1,32,2,0,,0,""
01f4:1b58,03a98,01f4:1b8d,53,1,22,1,0,,0,""
01f4:1b8e,03ace,01f4:1be1,83,1,31,3,6,,0,""
01f4:1be2,03b22,01f4:1bff,29,1,12,2,7,,0,""
01f4:1c00,03b40,01f4:1c33,51,1,18,1,2,,0,""
01f4:1c34,03b74,01f4:1c48,20,1,7,1,2,,0,""
01f4:1c48,03b88,01f4:1c55,13,1,4,1,4,,0,""
01f4:1c56,03b96,01f4:1c63,13,1,4,1,4,,0,""
01f4:1c64,03ba4,01f4:1c71,13,1,4,1,1,,0,""
01f4:1c72,03bb2,01f4:1c7f,13,1,4,1,2,,0,""
01f4:1c80,03bc0,01f4:1c8d,13,1,4,1,1,,0,""
01f4:1c8e,03bce,01f4:1c9b,13,1,4,1,1,,0,""
01f4:1c9c,03bdc,01f4:1cf0,84,1,36,1,1,,0,""
01f4:1cf0,03c30,01f4:1d22,50,1,14,3,1,,0,""
01f4:1d22,03c62,01f4:1e48,294,1,102,7,7,,0,"DATAA.DAT | A:FOOFOOFO.FOO | .MUS | A:SCENETT.LST "
01f4:1e48,03d88,01f4:1e9a,82,1,28,4,1,,0,"THEME.MUS | A:FOOFOOFO.FOO"
01f4:1e9a,03dda,01f4:1ec2,40,1,13,3,2,,0,""
01f4:1ec2,03e02,01f4:1ed7,21,1,12,0,1,,0,""
01f4:262a,0456a,01f4:2681,87,1,38,1,0,,0,""
01f4:26fe,0463e,01f4:2736,56,1,23,3,1,,0,""
01f4:2736,04676,01f4:2811,219,1,85,5,3,,0,"A:PLAYDISK.DAT | No Play Disk      | CCERV | SCENETT"
01f4:2812,04752,01f4:28ad,155,1,57,6,7,,0,"A:PLAYDISK.DAT | No Play Disk     "
01f4:28ae,047ee,01f4:29f0,322,1,124,5,2,,0,"A:PLAYDISK.DAT | No Play Disk      | CCERV | SCENETT | A:CCERV.LST    | Tom's Test Track   | A:SCENETT.LST "
01f4:29f0,04930,01f4:2bc5,469,1,176,4,5,,0,".LST | COMPASS.LZ"
01f4:2bc6,04b06,01f4:2e65,671,1,237,4,4,,0,".LST"
01f4:2e66,04da6,01f4:2f0d,167,1,60,6,2,,0,"A:SCENETT.LST "
01f4:2f0e,04e4e,01f4:310c,510,1,199,11,1,,0,"A:CCERV.LST    | Tom's Test Track   | A:SCENETT.LST "
01f4:310c,0504c,01f4:3331,549,1,229,7,1,,0,""
01f4:3332,05272,01f4:3396,100,1,42,1,1,,0,"A:CCERV.LST   "
01f4:3396,052d6,01f4:33f8,98,1,42,1,1,,0,"A:CCERV.LST   "
01f4:33f8,05338,01f4:3636,574,1,218,9,1,,0,"SC.BIN | A:CCERV.LST    | FL1.LZ | .BIC | .SID | .ICN | FL2.LZ"
01f4:3636,05576,01f4:36dd,167,1,62,6,1,,0,""
01f4:36de,0561e,01f4:373e,96,1,40,1,1,,0,"Tom's Test Track   | A:SCENETT.LST "
01f4:373e,0567e,01f4:379c,94,1,40,1,1,,0,"Tom's Test Track   | A:SCENETT.LST "
01f4:379c,056dc,01f4:3b2d,913,1,359,12,1,,0,".ICN | A:SCENETT.LST  | .COL | BROKE.LZ | .COL"
01f4:3b2e,05a6e,01f4:3f8d,1119,1,420,14,1,,0,"DIFFCOLR.BIN | A:FOOFOOFO.FOO | (auto-shift) |              | Computer Cars  | Clock          |  Other Person |  Other P"
01f4:3f8e,05ece,01f4:40cd,319,1,125,8,1,,0,".COL | A:SCENETT.LST "
01f4:40ce,0600e,01f4:470e,1600,1,600,11,1,,0,""
01f4:470e,0664e,01f4:4954,582,1,230,11,2,,0,"WATER.LZ | DETAIL1.LZ | DETAIL2.LZ | A:FOOFOOFO.FOO"
01f4:4954,06894,01f4:4d7e,1066,1,433,14,1,,0,"Tom's Test Track  "
01f4:4d7e,06cbe,01f4:51e1,1123,1,438,7,2,,0,""
01f4:51e2,07122,01f4:53c4,482,1,195,1,1,,0,""
01f4:53c4,07304,01f4:55ef,555,1,195,9,2,,0,"DATAB.DAT | A:FOOFOOFO.FOO | SELECT.LZ | DIFFLEVA.LZ | DIFFLEVB.LZ | DIFFLEVC.LZ | SSBJ.LZ | SCENETTT.BIN | O.BIN | P.BI"
01f4:55f0,07530,01f4:59ab,955,1,360,3,1,,0,""
01f4:59ac,078ec,01f4:59df,51,1,18,1,14,,0,""
0792:000c,0792c,0792:0414,1032,1,341,34,1,,0,""
0792:0414,07d34,0792:04c9,181,1,57,5,1,,0,""
0792:04ca,07dea,0792:0599,207,1,85,6,1,,0,""
0792:059a,07eba,0792:0602,104,1,45,6,1,,0,""
0792:0602,07f22,0792:083b,569,1,212,12,3,,0,""
0792:083c,0815c,0792:0921,229,1,77,5,2,,0,""
0792:0922,08242,0792:0ceb,969,1,363,17,1,,0,"OTWCOL.BIN | A:FOOFOOFO.FOO | COL.BIN | A:CCERV.LST    | .ETC | L.BOT | R.BOT"
0792:0cec,0860c,0792:0d2e,66,1,22,5,1,,0,""
0792:0d2e,0864e,0792:0fcd,671,1,234,11,2,,0,".DAT | A:SCENETT.LST  | T.BIN | O.BIN | P.BIN | .POB | A:CCERV.LST    | .LST | A:CCERV.LST    | .POB | .LST | .POB"
0792:0fce,088ee,0792:10a5,215,1,69,2,1,,0,".DAT | A:SCENETT.LST "
0792:10a6,089c6,0792:10c7,33,1,10,1,2,,0,""
0792:10c8,089e8,0792:1155,141,1,50,2,1,,0,""
0792:1156,08a76,0792:1310,442,1,171,5,1,,0,""
0792:1310,08c30,0792:1488,376,1,144,7,2,,0,""
0792:1488,08da8,0792:155e,214,1,93,1,1,,0,""
0792:155e,08e7e,0792:15d3,117,1,43,4,3,,0,""
0792:15d4,08ef4,0792:16c4,240,1,90,7,2,,0,""
0792:16c4,08fe4,0792:18d9,533,1,204,9,2,,0,""
0792:18da,091fa,0792:1951,119,1,42,5,1,,0,""
0792:1952,09272,0792:19ca,120,1,41,0,1,,0,""
0792:19ca,092ea,0792:1a72,168,1,70,7,1,,0,""
0792:1a72,09392,0792:1bff,397,1,187,2,2,,0,""
0792:1c00,09520,0792:1c65,101,1,34,6,1,,0,""
0792:1c66,09586,0792:1dfe,408,1,156,8,2,,0,"2.BOT | A:CCERV.LST    | 1.BOT | .TOP"
0792:1dfe,0971e,0792:1e4f,81,0,30,1,5,,0,".POB | A:CCERV.LST   "
0977:0008,09778,0977:13cd,5061,0,1779,11,1,,0,""
0ab4:000a,0ab4a,0ab4:000f,5,1,4,0,1,,0,""
0ab4:000f,0ab4f,0ab4:0034,37,1,20,0,1,21,1,""
0ab4:0034,0ab74,0ab4:0047,19,1,14,0,1,21,1,""
0ab4:0047,0ab87,0ab4:006a,35,0,6,0,15,,0,""
0ab4:006a,0abaa,0ab4:0140,214,1,81,6,0,,1,""
0ab4:0140,0ac80,0ab4:015c,28,0,16,0,1,,1,""
0ab4:015c,0ac9c,0ab4:01ca,110,0,47,0,1,,1,""
0ab4:01ca,0ad0a,0ab4:01dd,19,0,4,0,1,,0,""
0ab4:01dd,0ad1d,0ab4:01e9,12,0,6,0,1,,0,""
0ab4:01e9,0ad29,0ab4:01f0,7,0,4,0,2,,0,""
0ab4:01f0,0ad30,0ab4:020f,31,0,11,1,1,,0,""
0ab4:120f,0bd4f,0ab4:1220,17,1,7,0,1,,0,""
0ab4:1220,0bd60,0ab4:1460,576,1,209,7,1,,0,""
0ab4:1460,0bfa0,0ab4:14b9,89,0,25,0,1,,0,""
0ab4:14b9,0bff9,0ab4:1544,139,0,56,2,1,,0,""
0ab4:1544,0c084,0ab4:1604,192,0,77,0,1,,0,""
0ab4:1604,0c144,0ab4:167f,123,0,44,0,1,,0,""
0c1c:0662,0c822,0c1c:0664,2,1,2,0,1,,0,""
0c1c:0664,0c824,0c1c:06d8,116,1,56,0,2,,0,""
0c1c:06d8,0c898,0c1c:0702,42,1,14,1,2,,0,""
0c1c:0702,0c8c2,0c1c:071c,26,1,15,0,0,,0,""
0c1c:071c,0c8dc,0c1c:0733,23,1,12,0,0,,0,""
0c1c:0733,0c8f3,0c1c:074c,25,1,12,0,13,,0,""
0c1c:074c,0c90c,0c1c:076b,31,1,15,0,6,,0,""
0c1c:076b,0c92b,0c1c:0784,25,1,12,0,5,,0,""
0c1c:0784,0c944,0c1c:084e,202,1,92,3,6,,0,""
0c1c:084e,0ca0e,0c1c:0868,26,1,12,0,1,21,0,""
0c1c:0868,0ca28,0c1c:087a,18,1,9,0,5,21,0,""
0c1c:087a,0ca3a,0c1c:08a0,38,1,16,0,4,21,0,""
0c1c:08a0,0ca60,0c1c:08b9,25,1,13,0,4,21,1,""
0c1c:08b9,0ca79,0c1c:08c5,12,1,7,0,4,21,0,""
0c1c:08c5,0ca85,0c1c:0aa5,480,1,223,1,1,,1,""
0c1c:0aa5,0cc65,0c1c:0ae0,59,0,27,2,1,,0,""
0c1c:0ae0,0cca0,0c1c:0b1d,61,0,35,0,4,,1,""
0c1c:0b1d,0ccdd,0c1c:0b5b,62,0,35,0,1,,1,""
0c1c:0b5b,0cd1b,0c1c:0b89,46,1,23,1,1,,0,""
0c1c:0b89,0cd49,0c1c:0bb7,46,1,26,0,1,,1,""
0c1c:0bb7,0cd77,0c1c:0be5,46,1,23,1,1,,0,""
0c1c:0be5,0cda5,0c1c:0c16,49,1,24,1,1,,0,""
0c1c:0c16,0cdd6,0c1c:0c2a,20,1,10,1,1,,0,""
0c1c:0c2a,0cdea,0c1c:0c45,27,1,14,1,2,,0,""
0c1c:0c45,0ce05,0c1c:0cae,105,1,54,0,1,,0,""
0c1c:0e2d,0cfed,0c1c:0e7d,80,1,34,0,1,21,1,""
0c1c:0e7d,0d03d,0c1c:0e98,27,1,16,0,2,21,1,""
0c1c:0e98,0d058,0c1c:109b,515,0,206,0,0,,1,""
0c1c:109f,0d25f,0c1c:10cf,48,1,21,0,1,21,1,""
0c1c:10cf,0d28f,0c1c:10e8,25,1,13,0,1,21,1,""
0c1c:10e8,0d2a8,0c1c:1110,40,0,16,1,0,,1,""
0c1c:1110,0d2d0,0c1c:111d,13,1,6,1,7,,0,""
0c1c:111d,0d2dd,0c1c:11f7,218,1,93,3,14,,0,""
0c1c:11f7,0d3b7,0c1c:1303,268,1,135,0,1,,1,""
0c1c:1303,0d4c3,0c1c:13d8,213,1,106,1,1,,1,""
0c1c:13d8,0d598,0c1c:15c7,495,1,219,3,4,,1,""
0c1c:15c7,0d787,0c1c:16f8,305,1,150,0,1,,1,"TD3.CFG"
0c1c:16f8,0d8b8,0c1c:170a,18,0,11,0,2,,0,""
0c1c:170a,0d8ca,0c1c:1759,79,0,40,0,1,,1,"TD3.CFG"
0c1c:1759,0d919,0c1c:17cd,116,1,58,0,1,,0,""
0c1c:17cd,0d98d,0c1c:1930,355,0,148,2,1,,1,""
0c1c:1930,0daf0,0c1c:19e4,180,0,81,2,1,,1,""
0c1c:19e4,0dba4,0c1c:1b6f,395,0,208,0,2,,0,""
0c1c:1b6f,0dd2f,0c1c:1b8a,27,0,15,0,2,,0,""
0c1c:1b8a,0dd4a,0c1c:1e87,765,1,338,2,0,,0,""
0c1c:1e87,0e047,0c1c:1f32,171,0,60,0,1,,0,""
0c1c:1f32,0e0f2,0c1c:1f5f,45,1,24,0,6,10,1,""
0e12:0080,0e1a0,0e12:0084,4,1,2,1,1,,0,""
0e12:0084,0e1a4,0e12:00d5,81,1,33,2,1,,0,""
0e12:00d5,0e1f5,0e12:00d9,4,0,2,1,0,,0,""
0e12:00d9,0e1f9,0e12:012d,84,0,31,2,0,,0,""
0e12:012d,0e24d,0e12:0133,6,0,2,0,0,,0,""
0e12:0133,0e253,0e12:0149,22,0,8,1,0,,0,""
0e12:0149,0e269,0e12:0156,13,0,5,1,0,,0,""
0e12:0156,0e276,0e12:0188,50,0,15,1,3,,0,""
0e12:0188,0e2a8,0e12:01c5,61,0,23,2,1,,0,""
0e12:01c5,0e2e5,0e12:01d8,19,1,6,0,4,,0,""
0e12:01d8,0e2f8,0e12:0229,81,0,23,2,2,,0,""
0e12:0229,0e349,0e12:0269,64,0,24,2,1,,0,""
0e12:0269,0e389,0e12:026f,6,0,2,0,0,,0,""
0e12:026f,0e38f,0e12:0302,147,0,45,2,0,,0,""
0e12:0302,0e422,0e12:030f,13,0,4,0,0,,0,""
0e12:030f,0e42f,0e12:031c,13,0,4,0,0,,0,""
0e12:031c,0e43c,0e12:03ab,143,0,50,5,0,,0,""
0e12:03ab,0e4cb,0e12:03d4,41,0,15,2,0,,0,""
0e12:03d4,0e4f4,0e12:044e,122,0,47,0,2,,0,""
0e12:044e,0e56e,0e12:04f1,163,1,54,3,3,,0,""
0e12:04f1,0e611,0e12:0534,67,1,30,2,2,,0,""
0e12:0534,0e654,0e12:056a,54,0,19,3,0,,0,""
0e12:056a,0e68a,0e12:059c,50,0,14,1,0,,0,""
0e12:059c,0e6bc,0e12:05cd,49,0,18,2,0,,0,""
0e12:05cd,0e6ed,0e12:05e2,21,0,8,1,0,,0,""
0e12:05e3,0e703,0e12:0606,35,0,12,1,0,,0,""
0e12:0606,0e726,0e12:0630,42,0,14,1,0,,0,""
0e12:0630,0e750,0e12:0667,55,0,21,2,0,,0,""
0e12:0667,0e787,0e12:06a9,66,0,16,1,0,,0,""
0e12:06b6,0e7d6,0e12:06c3,13,0,4,0,0,,0,""
0e12:0751,0e871,0e12:08d9,392,0,132,4,3,,0,""
0e12:08d9,0e9f9,0e12:095a,129,0,59,0,1,,0,""
0e12:095a,0ea7a,0e12:09d6,124,0,49,2,1,,0,""
0e12:09d6,0eaf6,0e12:0b02,300,0,116,1,1,,0,""
0e12:0b02,0ec22,0e12:0b17,21,0,11,2,1,,0,""
0e12:0b1d,0ec3d,0e12:0b85,104,0,35,3,1,,0,""
0e12:0b85,0eca5,0e12:0cbe,313,0,125,4,1,,0,""
0e12:0cbe,0edde,0e12:0db4,246,0,102,5,1,,0,""
0e12:0db4,0eed4,0e12:0e74,192,0,77,3,1,,0,"free RAM needed for TEST DRIVE III."
0e12:0e74,0ef94,0e12:0ec5,81,1,27,1,1,,0,""
0e12:0ec5,0efe5,0e12:0edb,22,0,7,0,1,,0,""
0e12:0edb,0effb,0e12:0f31,86,1,32,2,2,,0,""
0e12:0f31,0f051,0e12:0f81,80,0,27,1,1,,0,""
0e12:0fa1,0f0c1,0e12:0fd6,53,1,21,1,3,,0,""
0e12:0fd6,0f0f6,0e12:0ff2,28,0,12,0,3,,0,""
0e12:22fe,1041e,0e12:234b,77,0,33,0,2,,0,""
0e12:234b,1046b,0e12:23b1,102,1,42,0,8,,0,""
0e12:23b1,104d1,0e12:23df,46,1,20,0,1,,0,""
0e12:23df,104ff,0e12:2465,134,0,49,2,1,,0,""
0e12:2465,10585,0e12:2537,210,1,73,3,2,,0,""
0e12:2537,10657,0e12:255e,39,1,17,0,1,,0,""
0e12:255e,1067e,0e12:25f4,150,1,55,3,1,,0,""
0e12:25f4,10714,0e12:261c,40,0,15,0,1,,0,""
0e12:261c,1073c,0e12:267e,98,1,39,0,5,,0,""
0e12:276e,1088e,0e12:2789,27,0,14,0,1,,0,""
0e12:2789,108a9,0e12:2810,135,1,60,3,2,,0,""
0e12:2810,10930,0e12:289a,138,0,53,1,1,,0,""
0e12:289a,109ba,0e12:28eb,81,0,28,3,1,,0,""
0e12:28eb,10a0b,0e12:2999,174,0,70,2,1,,0,""
0e12:2999,10ab9,0e12:2a9e,261,0,109,1,1,,0,""
0e12:2a9e,10bbe,0e12:2b74,214,0,105,0,1,,1,""
0e12:2b74,10c94,0e12:2c7c,264,0,109,1,1,,0,""
0e12:2c7c,10d9c,0e12:2d54,216,0,105,0,1,,1,""
0e12:2d54,10e74,0e12:2dc6,114,0,46,1,1,,0,""
0e12:2dc6,10ee6,0e12:2e49,131,0,54,1,1,,0,""
0e12:2e49,10f69,0e12:2eb6,109,0,41,0,1,,0,""
0e12:2eb6,10fd6,0e12:2f84,206,0,67,0,1,,0,""
0e12:2f84,110a4,0e12:3004,128,0,57,0,1,,0,""
0e12:3004,11124,0e12:3085,129,0,58,0,1,,0,""
0e12:3085,111a5,0e12:312e,169,0,61,0,1,,0,""
0e12:312e,1124e,0e12:3147,25,0,10,2,1,,0,""
0e12:3147,11267,0e12:316c,37,0,15,1,1,,0,""
0e12:316c,1128c,0e12:323e,210,0,77,0,1,,0,""
0e12:323e,1135e,0e12:3352,276,0,106,8,1,,0,""
0e12:3352,11472,0e12:33f7,165,0,62,0,1,,0,""
0e12:33f7,11517,0e12:34c3,204,0,69,4,1,,0,""
0e12:34c3,115e3,0e12:34f1,46,0,20,8,1,,0,""
0e12:34f1,11611,0e12:35f9,264,0,103,3,1,,0,""
0e12:35f9,11719,0e12:361c,35,0,16,0,1,,0,""
0e12:361c,1173c,0e12:373c,288,0,110,3,1,,0,""
0e12:373c,1185c,0e12:394c,528,0,201,3,1,,0,""
0e12:394c,11a6c,0e12:39fd,177,0,66,0,1,,0,""
0e12:39fd,11b1d,0e12:3a7c,127,0,53,0,1,,0,""
0e12:3a7c,11b9c,0e12:3a9e,34,0,12,0,1,,0,""
0e12:3a9e,11bbe,0e12:3ebf,1057,0,401,14,1,,0,""
0e12:3ebf,11fdf,0e12:3f6c,173,0,55,2,1,,0,""
0e12:3f6c,1208c,0e12:3fe5,121,0,45,1,2,,0,""
0e12:3fe5,12105,0e12:409c,183,0,68,1,2,,0,""
0e12:409c,121bc,0e12:41d4,312,1,110,0,2,,0,"WATEREGA.LZ"
0e12:41d4,122f4,0e12:43db,519,0,202,0,7,,0,""
0e12:43db,124fb,0e12:44c2,231,0,98,0,1,,0,""
0e12:44c2,125e2,0e12:4590,206,0,85,0,1,,0,""
0e12:4590,126b0,0e12:4631,161,0,49,1,1,,0,""
0e12:4631,12751,0e12:46c0,143,0,52,2,1,,0,""
0e12:46c0,127e0,0e12:46dc,28,0,15,4,1,,0,""
0e12:46dc,127fc,0e12:477c,160,0,51,3,1,,0,""
0e12:477c,1289c,0e12:47aa,46,0,21,0,1,,0,""
0e12:47aa,128ca,0e12:47d1,39,0,17,0,1,,0,""
0e12:47d1,128f1,0e12:47fc,43,0,17,1,1,,0,""
0e12:47fc,1291c,0e12:487e,130,0,58,0,2,,0,""
0e12:487e,1299e,0e12:48f5,119,0,43,2,1,,0,""
0e12:48f5,12a15,0e12:495c,103,0,36,0,1,,0,""
0e12:495c,12a7c,0e12:4a5c,256,0,94,0,1,,0,""
0e12:4a5c,12b7c,0e12:4b37,219,0,80,2,1,,0,""
0e12:4b37,12c57,0e12:4bf3,188,0,59,1,1,,0,""
0e12:4bf3,12d13,0e12:4c51,94,0,34,1,1,,0,""
0e12:4c51,12d71,0e12:4cb0,95,0,27,0,2,,0,""
0e12:4cb0,12dd0,0e12:4d60,176,0,60,2,2,,0,""
0e12:4d60,12e80,0e12:4d6d,13,0,5,4,1,,0,""
0e12:4d6d,12e8d,0e12:4db6,73,0,26,1,1,,0,""
0e12:4db6,12ed6,0e12:4fc7,529,0,201,0,1,,0,"?????"
0e12:4fc7,130e7,0e12:509b,212,0,73,2,1,,0,""
0e12:509b,131bb,0e12:52a3,520,0,184,3,1,,0,""
0e12:52a3,133c3,0e12:539d,250,0,89,1,1,,0,""
0e12:539d,134bd,0e12:5466,201,0,72,2,1,,0,""
0e12:5466,13586,0e12:5aa4,1598,0,625,3,1,,0,""
0e12:5aa4,13bc4,0e12:5ad4,48,0,16,0,1,,0,""
0e12:5ad4,13bf4,0e12:5cf2,542,0,198,3,1,,0,""
0e12:5cf2,13e12,0e12:5df9,263,0,110,1,1,,0,""
0e12:5df9,13f19,0e12:5e70,119,0,44,1,1,,0,""
0e12:5e70,13f90,0e12:5f57,231,0,80,2,1,,0,""
0e12:5f57,14077,0e12:5ffe,167,0,63,1,1,,0,""
0e12:5ffe,1411e,0e12:61d2,468,0,154,2,1,,0,""
0e12:61d2,142f2,0e12:61fd,43,0,16,0,2,,0,""
0e12:61fd,1431d,0e12:624a,77,1,25,1,1,,0,""
0e12:624a,1436a,0e12:6316,204,0,82,0,1,,0,""
0e12:6316,14436,0e12:6421,267,0,97,0,1,,0,""
0e12:6421,14541,0e12:6604,483,0,173,2,1,,0,""
0e12:6604,14724,0e12:6666,98,0,46,0,1,,0,""
0e12:6666,14786,0e12:6686,32,0,15,0,1,,0,""
0e12:6686,147a6,0e12:66ad,39,1,19,0,2,,0,""
0e12:66ad,147cd,0e12:67af,258,0,105,1,1,,0,""
0e12:67af,148cf,0e12:682e,127,0,52,2,2,,0,""
0e12:682e,1494e,0e12:685c,46,0,15,0,1,,0,""
0e12:685c,1497c,0e12:68b0,84,0,34,1,1,,0,""
0e12:68b0,149d0,0e12:6909,89,0,33,1,1,,0,""
0e12:6909,14a29,0e12:69da,209,0,77,1,1,,0,""
0e12:69da,14afa,0e12:6e92,1208,0,431,4,3,,0,""
0e12:6e92,14fb2,0e12:6f9c,266,0,89,1,1,,0,""
0e12:6f9c,150bc,0e12:7004,104,0,45,0,1,,0,""
0e12:70b8,151d8,0e12:70cd,21,0,9,0,1,,0,""
0e12:70cd,151ed,0e12:72f8,555,0,210,2,1,,0,""
0e12:72f8,15418,0e12:7487,399,0,164,2,1,,0,""
0e12:7487,155a7,0e12:75c1,314,0,121,0,3,,1,""
0e12:75c1,156e1,0e12:7653,146,0,52,1,3,,0,""
0e12:7653,15773,0e12:76ec,153,0,72,0,3,,0,""
0e12:76ec,1580c,0e12:77d5,233,1,79,10,3,,0,""
0e12:77d5,158f5,0e12:78a7,210,1,68,7,3,,0,""
0e12:78a7,159c7,0e12:78cc,37,0,15,1,1,,0,""
0e12:78cc,159ec,0e12:794b,127,0,60,3,2,,0,""
0e12:794b,15a6b,0e12:797b,48,0,22,0,1,,0,""
0e12:797b,15a9b,0e12:7a18,157,0,86,0,2,,0,""
0e12:7a18,15b38,0e12:7a35,29,0,12,1,1,,0,""
0e12:7a35,15b55,0e12:7b06,209,0,90,2,2,,0,""
0e12:7b06,15c26,0e12:7b9b,149,0,84,0,2,,1,""
0e12:7b9b,15cbb,0e12:7c21,134,0,50,2,1,,0,""
0e12:7c21,15d41,0e12:7cd9,184,1,73,0,2,,0,""
0e12:7cd9,15df9,0e12:7d94,187,0,70,1,1,,0,""
0e12:7d94,15eb4,0e12:7e11,125,0,47,1,1,,0,""
0e12:7e11,15f31,0e12:8016,517,0,202,0,7,,0,""
0e12:8016,16136,0e12:80fb,229,0,98,0,1,,0,""
0e12:80fb,1621b,0e12:81c7,204,0,85,0,1,,0,""
0e12:81c7,162e7,0e12:82d6,271,0,110,1,1,,0,""
0e12:82d6,163f6,0e12:836e,152,0,61,2,1,,0,""
0e12:836e,1648e,0e12:839c,46,0,15,0,1,,0,""
0e12:839c,164bc,0e12:8413,119,0,46,1,1,,0,""
0e12:8413,16533,0e12:8490,125,0,45,1,1,,0,""
0e12:8490,165b0,0e12:85a9,281,0,101,1,1,,0,""
0e12:85a9,166c9,0e12:8b5f,1462,0,520,4,1,,0,""
0e12:8b5f,16c7f,0e12:8bcf,112,0,46,0,1,,0,""
16cf:0006,16cf6,16cf:009e,152,1,73,0,1,10,0,""
16d9:0002,16d92,16d9:00bd,187,0,77,2,6,,0,""
16e5:0007,16e57,16e5:000b,4,1,2,0,1,,0,""
16e5:000b,16e5b,16e6:0000,5,0,2,0,1,,0,""
16e6:000e,16e6e,16e6:005f,81,1,34,0,1,33,0,""
16ec:0004,16ec4,16ec:002e,42,0,18,0,1,33,0,""
16ef:0009,16ef9,16f1:0000,23,0,10,0,3,,0,""
16f1:000d,16f1d,16f5:0000,51,0,21,0,1,33,0,""
16f5:0008,16f58,16fb:0000,88,0,42,0,1,33,0,""
16fb:0008,16fb8,16fb:000e,6,0,3,0,15,,0,""
16fc:000b,16fcb,16fc:002c,33,0,16,0,2,10 21,1,""
16ff:000b,16ffb,1703:0000,53,0,31,0,10,1a,0,""
1703:0001,17031,1703:0088,135,1,57,0,30,,0,""
170e:0002,170e2,170e:0044,66,1,26,0,2,,0,""
1714:000e,1714e,1714:0050,66,1,26,0,36,,0,""
171b:000a,171ba,171b:0104,250,1,110,0,1,10,1,""
172d:000e,172de,172d:006a,92,1,40,0,1,21,0,""
1736:0004,17364,1736:003b,55,1,23,0,2,21,0,""
173c:0005,173c5,173c:01a0,411,1,180,0,3,,0,""
173c:01ca,1758a,173c:027e,180,1,39,0,0,,0,""
173c:02a8,17668,173c:02be,22,0,9,0,0,,0,""
1776:0008,17768,1776:00d1,201,1,95,0,2,,0,""
1785:000b,1785b,1785:036f,868,1,388,0,22,,0,""
17be:0009,17be9,17be:02ac,675,1,315,0,0,,1,""
17eb:0006,17eb6,17eb:02a9,675,1,315,0,1,,1,""
1818:0003,18183,1818:0451,1102,1,484,0,18,,1,""
185f:000b,185fb,185f:051a,1295,1,585,0,8,,0,""
18b3:0004,18b34,18b3:03d8,980,1,443,0,2,,0,""
18f3:0002,18f32,18f3:00c0,190,1,90,0,3,10,0,""
1905:000b,1905b,1905:026b,608,1,265,0,3,10 21,1,""
192e:0005,192e5,192e:0063,94,1,35,1,1,,0,""
1937:0003,19373,1937:006d,106,1,60,0,0,,0,""
1940:0018,19418,1940:00e1,201,0,74,7,0,20 21,1,""
1940:00de,194de,1940:01a2,196,1,83,1,1,21,1,""
1940:01a2,195a2,1940:01b9,23,0,9,1,3,,0,""
1940:01b9,195b9,1940:0200,71,0,26,3,0,21,0,""
1940:0200,19600,1940:022d,45,0,18,0,1,21,1,""
1940:022d,1962d,1940:0240,19,0,9,0,3,,0,""
1940:0240,19640,1940:0308,200,1,78,7,11,,0,""
1940:0308,19708,1940:0333,43,1,19,2,11,,0,""
1940:0334,19734,1940:0526,498,1,190,3,7,,0,""
1940:0526,19926,1940:066c,326,1,131,3,3,,0,""
1940:066c,19a6c,1940:0681,21,1,10,0,1,,0,""
1940:0681,19a81,1940:06c0,63,1,27,3,1,,0,""
1940:06c0,19ac0,1940:072e,110,0,46,1,1,,1,""
1940:072e,19b2e,1940:0745,23,0,10,1,1,,1,""
1940:0746,19b46,1940:0778,50,1,26,0,26,,0,""
1940:0778,19b78,1940:07a3,43,1,21,0,2,,0,""
1940:07a4,19ba4,1940:07bf,27,1,15,0,3,,0,""
1940:07c4,19bc4,1940:07db,23,1,10,0,1,21,0,""
1940:07dc,19bdc,1940:07f1,21,1,11,1,1,,0,""
1940:07f2,19bf2,1940:08a5,179,1,74,5,1,,0,""
1940:08a6,19ca6,1940:08f3,77,1,28,0,1,21,1,""
1940:08f3,19cf3,1940:08fb,8,0,4,0,1,,0,""
1940:08fc,19cfc,1940:0998,156,1,74,0,4,,0,""
1940:0998,19d98,1940:09cc,52,1,23,0,5,,0,""
1940:09cc,19dcc,1940:09f0,36,1,14,1,1,,0,""
1940:09f0,19df0,1940:0a14,36,1,14,1,1,,0,""
1940:0a14,19e14,1940:0a75,97,1,47,0,6,,0,""
1940:0a76,19e76,1940:0ae2,108,1,48,0,2,,0,""
1940:0ae2,19ee2,1940:0b0c,42,1,16,1,2,,0,""
1940:0b0c,19f0c,1940:0b32,38,1,17,2,1,,0,"COMPASS.LZ"
1940:0b32,19f32,1940:0b5d,43,1,26,0,1,,0,""
1940:0b5d,19f5d,1940:0b88,43,1,21,1,3,21,0,""
1940:0b88,19f88,1940:0c4a,194,1,76,2,1,,0,""
1940:0c4a,1a04a,1940:0da7,349,1,134,4,1,,0,""
1940:0da8,1a1a8,1940:0dd7,47,1,19,1,1,,0,""
1940:0dd8,1a1d8,1940:0ed2,250,1,100,1,1,,0,""
1940:0ed2,1a2d2,1940:0f42,112,1,48,1,2,,0,""
1940:0f42,1a342,1940:0f7c,58,1,25,0,1,,0,""
1940:0f7c,1a37c,1940:0f9c,32,0,13,0,1,21,0,""
1940:0f9c,1a39c,1940:1079,221,0,91,0,2,21,0,""
1940:107a,1a47a,1940:1122,168,0,75,2,3,21,0,""
1940:1122,1a522,1940:11a4,130,0,61,0,1,21,0,""
1940:11a4,1a5a4,1940:11b6,18,1,9,0,1,,0,""
1940:11b6,1a5b6,1940:11ff,73,1,34,2,3,,0,""
1940:11ff,1a5ff,1940:12e2,227,0,106,2,2,,1,""
1940:12e2,1a6e2,1940:131c,58,0,29,1,1,,0,""
1940:131c,1a71c,1940:133e,34,0,18,1,2,,0,""
1940:133e,1a73e,1940:135f,33,0,20,1,2,,1,""
1940:1360,1a760,1940:13ce,110,1,53,1,2,21,0,""
1940:13ce,1a7ce,1940:1424,86,0,39,0,1,21,0,""
1940:1424,1a824,1940:1463,63,1,30,0,1,,0,""
1940:1464,1a864,1940:147f,27,0,13,0,1,,0,""
1940:1480,1a880,1940:1492,18,1,9,0,1,21,0,""
1940:1492,1a892,1940:14db,73,1,32,1,1,21,0,""
1940:14dc,1a8dc,1940:1508,44,1,23,0,2,,0,""
1940:1508,1a908,1940:1536,46,1,18,1,1,21,0,""
1940:1536,1a936,1940:153c,6,1,3,1,1,,0,""
1940:153c,1a93c,1940:156a,46,0,21,0,2,,0,""
1940:156a,1a96a,1940:15d8,110,0,42,1,2,,0,""
1940:15d8,1a9d8,1940:1652,122,0,46,0,1,21,0,"COMPASS.LZ"
1940:1652,1aa52,1940:17e5,403,1,157,1,1,21,0,""
1940:17e5,1abe5,1940:17f6,17,0,8,0,1,,0,""
1940:17f6,1abf6,1940:180a,20,1,12,0,1,,0,""
1940:180a,1ac0a,1940:188d,131,1,63,0,1,,0,""
1940:18b2,1acb2,1ace:0000,46,0,20,1,0,,0,""
1ace:0006,1ace6,1ace:004b,69,0,27,0,6,,0,""
1ace:004b,1ad2b,1ace:00b4,105,1,42,2,2,,0,""
1ace:00b4,1ad94,1ace:00ec,56,1,27,1,9,,0,""
1ace:00ec,1adcc,1ace:0151,101,1,41,0,5,,0,""
1ace:0151,1ae31,1ace:0185,52,0,22,1,1,,0,""
1ace:01cc,1aeac,1ace:0272,166,1,69,9,1,,0,""
1ace:0272,1af52,1ace:027d,11,0,6,0,2,,0,""
1ace:027d,1af5d,1ace:02a5,40,0,23,0,2,,1,""
1ace:02a5,1af85,1ace:02fa,85,0,28,2,2,,0,""
1ace:02fa,1afda,1ace:03ba,192,0,78,1,2,21,1,""
1ace:03d5,1b0b5,1ace:03d6,1,0,1,0,0,,0,""
1ace:03d6,1b0b6,1ace:048d,183,1,78,1,1,,1,""
1ace:048d,1b16d,1ace:04de,81,0,28,1,1,,0,""
1ace:04de,1b1be,1ace:04e8,10,0,4,0,0,,0,""
1ace:04e8,1b1c8,1ace:0536,78,0,32,0,0,,0,""
1ace:0536,1b216,1ace:0591,91,0,31,1,0,,0,""
1ace:0591,1b271,1ace:05a6,21,0,6,1,0,,0,""
1ace:05a6,1b286,1ace:05b4,14,0,5,0,0,,0,""
1ace:05b4,1b294,1ace:05bf,11,0,5,0,0,,0,""
1ace:05bf,1b29f,1ace:05ca,11,0,6,0,0,,0,""
1ace:05ca,1b2aa,1ace:05df,21,0,7,1,0,,0,""
1ace:05df,1b2bf,1ace:062c,77,0,31,1,5,,0,""
1ace:062c,1b30c,1ace:0637,11,0,5,1,2,,0,""
1ace:0637,1b317,1ace:064f,24,0,11,2,0,,0,""
1ace:064f,1b32f,1ace:06a3,84,0,34,3,1,,0,""
1ace:06a3,1b383,1ace:0703,96,0,38,5,0,,0,""
1ace:0703,1b3e3,1ace:073d,58,0,24,2,1,,0,""
1ace:073d,1b41d,1ace:076d,48,0,29,0,6,,0,""
1ace:076d,1b44d,1ace:0787,26,0,16,0,4,,0,""
1ace:0787,1b467,1ace:0792,11,0,5,1,0,,0,""
1ace:0792,1b472,1ace:07ad,27,0,11,1,2,,0,""
1ace:07ad,1b48d,1ace:07df,50,0,18,1,1,,0,""
1ace:07df,1b4bf,1ace:086d,142,0,53,5,1,,0,""
1ace:086d,1b54d,1ace:0884,23,0,10,0,5,,0,""
1ace:0884,1b564,1ace:08c1,61,0,26,3,1,,0,""
1ace:08c1,1b5a1,1ace:092a,105,0,38,1,2,,0,""
1ace:092a,1b60a,1ace:09a1,119,0,50,1,2,,0,""
1ace:09a1,1b681,1ace:09c2,33,0,14,1,0,,0,""
1ace:09c2,1b6a2,1ace:09ed,43,0,17,1,0,,0,""
1ace:09ed,1b6cd,1ace:0a18,43,0,22,2,2,,0,""
1ace:0a18,1b6f8,1ace:0a59,65,0,37,0,2,,0,""
1ace:0a59,1b739,1ace:0abf,102,0,49,2,0,,0,""
1ace:0abf,1b79f,1ace:0b16,87,0,45,2,1,,0,""
1ace:0b16,1b7f6,1ace:0b5f,73,0,30,0,0,,0,""
1ace:0b5f,1b83f,1ace:0b92,51,0,32,0,2,,0,""
1ace:0b92,1b872,1ace:0bc9,55,0,25,2,0,,0,""
1ace:0bc9,1b8a9,1ace:0bde,21,0,11,2,1,,0,""
1ace:0bde,1b8be,1ace:0c0e,48,0,18,0,0,,0,""
1ace:0c0e,1b8ee,1ace:0c15,7,0,4,0,0,,0,""
1ace:0c15,1b8f5,1ace:0c66,81,0,36,2,0,,0,""
1ace:0c66,1b946,1ace:0ca0,58,0,31,2,1,,0,""
1ace:0ca0,1b980,1ace:0cd1,49,0,19,0,0,,0,""
1ace:0cd1,1b9b1,1ace:0ce9,24,0,13,0,0,,0,""
1ace:0ce9,1b9c9,1ace:0d1c,51,0,22,0,1,,0,""
1ace:0d1c,1b9fc,1ace:0d86,106,0,40,1,0,,0,""
1ace:0d86,1ba66,1ace:0db9,51,0,26,0,4,,0,""
1ace:0db9,1ba99,1ace:0e55,156,1,63,0,1,,0,""
1ace:0e55,1bb35,1ace:0eab,86,0,34,0,0,,0,""
1ace:0ffe,1bcde,1ace:1072,116,1,47,9,1,,0,""
1ace:1072,1bd52,1ace:108e,28,0,13,1,1,,0,""
1bd7:000c,1bd7c,1bd8:0000,4,0,3,0,1,,0,""
1bd8:000e,1bd8e,1bd8:0028,26,1,17,0,7,,0,""
1bd8:0028,1bda8,1bd8:00b2,138,1,51,1,2,,0,""
