td3_start,td3_image,td2_name,td2_address,score,td3_insns,td2_insns
1940:0018,19418,_astart,13a8:03f8,0.99,74,73
1940:00de,194de,_cinit,13a8:04be,0.84,82,82
1940:01a2,195a2,exit,13a8:0582,1.00,9,9
1940:01b9,195b9,_exit,13a8:0599,0.71,26,26
1940:0200,19600,_ctermsub,13a8:05e0,1.00,18,18
1940:022d,1962d,_initterm,13a8:060d,1.00,9,9
1940:0240,19640,fclose,13a8:0978,0.80,78,76
1940:0746,19b46,strcpy,13a8:2956,1.00,26,26
1940:0778,19b78,strcmp,13a8:2988,1.00,21,21
1940:07a4,19ba4,strlen,13a8:29b4,1.00,15,15
1940:0998,19d98,_aFlmul,13a8:2ee8,1.00,23,23
1940:0ae2,19ee2,_FF_MSGBANNER,13a8:0620,1.00,16,16
1940:0b0c,19f0c,_nullcheck,13a8:066e,1.00,17,17
1940:0b32,19f32,_NMSG_TEXT,13a8:088c,1.00,26,26
1940:0b5d,19f5d,_NMSG_WRITE,13a8:08b7,1.00,21,21
1940:0da8,1a1a8,_freebuf,13a8:0df0,1.00,19,19
1940:0dd8,1a1d8,_openfile,13a8:0e20,0.68,105,103
1940:0ed2,1a2d2,fflush,13a8:105c,0.67,48,46
1940:0f42,1a342,_getstream,13a8:219a,0.61,26,28
1940:0f7c,1a37c,close,13a8:223e,0.75,13,13
1940:0f9c,1a39c,read,13a8:247c,0.58,91,90
1940:107a,1a47a,write,13a8:2558,0.83,75,75
1940:1122,1a522,,13a8:2600,0.78,61,61
1940:11a4,1a5a4,free,13a8:2696,1.00,9,9
1940:11b6,1a5b6,malloc,13a8:26a8,1.00,34,34
1940:11ff,1a5ff,,13a8:26f1,1.00,106,106
1940:12e2,1a6e2,,13a8:27d4,1.00,29,29
1940:131c,1a71c,,13a8:280e,1.00,18,18
1940:133e,1a73e,,13a8:2830,1.00,20,20
1940:1360,1a760,_brkctl,13a8:2852,1.00,53,53
1940:13ce,1a7ce,,13a8:28c0,1.00,39,39
1940:1424,1a824,strcat,13a8:2916,1.00,30,30
1940:1464,1a864,itoa,13a8:29d0,1.00,13,13
1940:153c,1a93c,_dosmaperr,13a8:094a,1.00,22,22
1940:15d8,1a9d8,lseek,13a8:225e,0.95,46,46
1940:1652,1aa52,open,13a8:22d8,0.96,159,159
1940:17e5,1abe5,,13a8:246b,1.00,8,8
1940:17f6,1abf6,stackavail,13a8:2682,1.00,12,12
1940:180a,1ac0a,memset,13a8:2b82,0.70,67,75
1940:18b2,1acb2,flushall,13a8:0a3a,0.76,21,26
